date,open,high,low,close,volume,average,barCount
2025-09-26 04:00:00-04:00,256.0,256.19,256.0,256.07,552.0,256.098,5
2025-09-26 04:01:00-04:00,256.17,256.17,256.17,256.17,250.0,256.17,1
2025-09-26 04:02:00-04:00,256.17,256.17,256.17,256.17,0.0,256.17,0
2025-09-26 04:03:00-04:00,256.08,256.29,256.08,256.29,768.0,256.131,5
2025-09-26 04:04:00-04:00,256.29,256.29,256.29,256.29,0.0,256.29,0
2025-09-26 04:05:00-04:00,256.15,256.15,256.15,256.15,510.0,256.15,1
2025-09-26 04:06:00-04:00,256.15,256.15,255.98,256.0,3158.0,256.018,10
2025-09-26 04:07:00-04:00,255.98,255.98,255.98,255.98,200.0,255.98,1
2025-09-26 04:08:00-04:00,255.98,255.98,255.98,255.98,0.0,255.98,0
2025-09-26 04:09:00-04:00,255.98,255.98,255.98,255.98,0.0,255.98,0
2025-09-26 04:10:00-04:00,255.98,255.98,255.98,255.98,0.0,255.98,0
2025-09-26 04:11:00-04:00,255.98,255.98,255.98,255.98,0.0,255.98,0
2025-09-26 04:12:00-04:00,255.98,255.98,255.98,255.98,0.0,255.98,0
2025-09-26 04:13:00-04:00,255.88,255.88,255.86,255.86,200.0,255.87,2
2025-09-26 04:14:00-04:00,255.86,255.86,255.86,255.86,0.0,255.86,0
2025-09-26 04:15:00-04:00,255.86,255.86,255.86,255.86,0.0,255.86,0
2025-09-26 04:16:00-04:00,255.86,255.86,255.86,255.86,0.0,255.86,0
2025-09-26 04:17:00-04:00,255.86,255.86,255.86,255.86,0.0,255.86,0
2025-09-26 04:18:00-04:00,255.86,255.86,255.86,255.86,0.0,255.86,0
2025-09-26 04:19:00-04:00,255.86,255.86,255.86,255.86,0.0,255.86,0
2025-09-26 04:20:00-04:00,255.87,255.87,255.81,255.81,200.0,255.84,2
2025-09-26 04:21:00-04:00,255.81,255.81,255.81,255.81,0.0,255.81,0
2025-09-26 04:22:00-04:00,255.69,255.7,255.69,255.69,760.0,255.695,5
2025-09-26 04:23:00-04:00,255.69,255.69,255.69,255.69,0.0,255.69,0
2025-09-26 04:24:00-04:00,255.69,255.69,255.69,255.69,0.0,255.69,0
2025-09-26 04:25:00-04:00,255.69,255.69,255.69,255.69,0.0,255.69,0
2025-09-26 04:26:00-04:00,255.74,255.74,255.74,255.74,100.0,255.74,1
2025-09-26 04:27:00-04:00,255.74,255.74,255.74,255.74,0.0,255.74,0
2025-09-26 04:28:00-04:00,255.74,255.74,255.74,255.74,0.0,255.74,0
2025-09-26 04:29:00-04:00,255.69,255.69,255.69,255.69,200.0,255.69,2
2025-09-26 04:30:00-04:00,255.69,255.69,255.69,255.69,0.0,255.69,0
2025-09-26 04:31:00-04:00,255.72,255.72,255.63,255.63,500.0,255.688,5
2025-09-26 04:32:00-04:00,255.58,255.58,255.58,255.58,188.0,255.58,1
2025-09-26 04:33:00-04:00,255.58,255.58,255.58,255.58,0.0,255.58,0
2025-09-26 04:34:00-04:00,255.6,255.6,255.6,255.6,150.0,255.6,1
2025-09-26 04:35:00-04:00,255.6,255.6,255.6,255.6,0.0,255.6,0
2025-09-26 04:36:00-04:00,255.6,255.6,255.6,255.6,0.0,255.6,0
2025-09-26 04:37:00-04:00,255.6,255.6,255.6,255.6,0.0,255.6,0
2025-09-26 04:38:00-04:00,255.6,255.6,255.6,255.6,0.0,255.6,0
2025-09-26 04:39:00-04:00,255.62,255.62,255.55,255.55,350.0,255.57,3
2025-09-26 04:40:00-04:00,255.71,255.71,255.66,255.66,317.0,255.676,2
2025-09-26 04:41:00-04:00,255.66,255.66,255.66,255.66,0.0,255.66,0
2025-09-26 04:42:00-04:00,255.66,255.66,255.66,255.66,0.0,255.66,0
2025-09-26 04:43:00-04:00,255.6,255.6,255.54,255.54,374.0,255.572,2
2025-09-26 04:44:00-04:00,255.5,255.51,255.5,255.51,200.0,255.505,2
2025-09-26 04:45:00-04:00,255.45,255.46,255.45,255.46,200.0,255.455,2
2025-09-26 04:46:00-04:00,255.5,255.5,255.5,255.5,100.0,255.5,1
2025-09-26 04:47:00-04:00,255.5,255.5,255.5,255.5,0.0,255.5,0
2025-09-26 04:48:00-04:00,255.43,255.43,255.43,255.43,100.0,255.43,1
2025-09-26 04:49:00-04:00,255.4,255.4,255.4,255.4,200.0,255.4,1
2025-09-26 04:50:00-04:00,255.41,255.41,255.41,255.41,200.0,255.41,1
2025-09-26 04:51:00-04:00,255.55,255.56,255.55,255.56,200.0,255.555,2
2025-09-26 04:52:00-04:00,255.56,255.56,255.56,255.56,0.0,255.56,0
2025-09-26 04:53:00-04:00,255.56,255.56,255.56,255.56,0.0,255.56,0
2025-09-26 04:54:00-04:00,255.56,255.56,255.56,255.56,0.0,255.56,0
2025-09-26 04:55:00-04:00,255.56,255.66,255.56,255.63,420.0,255.627,4
2025-09-26 04:56:00-04:00,255.52,255.52,255.52,255.52,100.0,255.52,1
2025-09-26 04:57:00-04:00,255.52,255.52,255.52,255.52,0.0,255.52,0
2025-09-26 04:58:00-04:00,255.52,255.52,255.52,255.52,0.0,255.52,0
2025-09-26 04:59:00-04:00,255.59,255.59,255.52,255.52,200.0,255.555,2
2025-09-26 05:00:00-04:00,255.52,255.52,255.52,255.52,0.0,255.52,0
2025-09-26 05:01:00-04:00,255.52,255.52,255.52,255.52,0.0,255.52,0
2025-09-26 05:02:00-04:00,255.48,255.49,255.48,255.49,329.0,255.484,3
2025-09-26 05:03:00-04:00,255.49,255.49,255.49,255.49,0.0,255.49,0
2025-09-26 05:04:00-04:00,255.49,255.49,255.49,255.49,0.0,255.49,0
2025-09-26 05:05:00-04:00,255.41,255.41,255.41,255.41,100.0,255.41,1
2025-09-26 05:06:00-04:00,255.5,255.59,255.5,255.59,200.0,255.545,2
2025-09-26 05:07:00-04:00,255.64,255.64,255.64,255.64,100.0,255.64,1
2025-09-26 05:08:00-04:00,255.64,255.64,255.64,255.64,0.0,255.64,0
2025-09-26 05:09:00-04:00,255.64,255.64,255.64,255.64,0.0,255.64,0
2025-09-26 05:10:00-04:00,255.57,255.9,255.57,255.9,2195.0,255.728,13
2025-09-26 05:11:00-04:00,255.9,255.9,255.9,255.9,0.0,255.9,0
2025-09-26 05:12:00-04:00,255.96,256.0,255.88,256.0,867.0,255.963,7
2025-09-26 05:13:00-04:00,256.0,256.0,256.0,256.0,0.0,256.0,0
2025-09-26 05:14:00-04:00,256.0,256.0,256.0,256.0,0.0,256.0,0
2025-09-26 05:15:00-04:00,256.0,256.0,255.95,255.95,221.0,255.977,2
2025-09-26 05:16:00-04:00,255.95,255.95,255.95,255.95,0.0,255.95,0
2025-09-26 05:17:00-04:00,255.91,256.15,255.81,255.81,2124.0,255.941,15
2025-09-26 05:18:00-04:00,255.81,255.81,255.81,255.81,0.0,255.81,0
2025-09-26 05:19:00-04:00,255.81,255.81,255.81,255.81,0.0,255.81,0
2025-09-26 05:20:00-04:00,255.81,255.81,255.81,255.81,0.0,255.81,0
2025-09-26 05:21:00-04:00,255.81,255.81,255.81,255.81,0.0,255.81,0
2025-09-26 05:22:00-04:00,255.81,255.81,255.81,255.81,0.0,255.81,0
2025-09-26 05:23:00-04:00,255.81,255.81,255.81,255.81,0.0,255.81,0
2025-09-26 05:24:00-04:00,255.81,255.81,255.81,255.81,0.0,255.81,0
2025-09-26 05:25:00-04:00,255.86,255.9,255.81,255.89,1011.0,255.879,5
2025-09-26 05:26:00-04:00,255.91,255.95,255.91,255.95,499.0,255.942,4
2025-09-26 05:27:00-04:00,255.95,255.95,255.95,255.95,0.0,255.95,0
2025-09-26 05:28:00-04:00,255.95,255.95,255.95,255.95,0.0,255.95,0
2025-09-26 05:29:00-04:00,255.95,255.95,255.95,255.95,0.0,255.95,0
2025-09-26 05:30:00-04:00,255.9,255.9,255.9,255.9,100.0,255.9,1
2025-09-26 05:31:00-04:00,255.9,255.9,255.9,255.9,0.0,255.9,0
2025-09-26 05:32:00-04:00,255.93,255.93,255.93,255.93,215.0,255.93,2
2025-09-26 05:33:00-04:00,255.93,255.93,255.93,255.93,0.0,255.93,0
2025-09-26 05:34:00-04:00,255.93,255.93,255.93,255.93,0.0,255.93,0
2025-09-26 05:35:00-04:00,255.93,255.93,255.93,255.93,0.0,255.93,0
2025-09-26 05:36:00-04:00,255.79,255.81,255.76,255.81,768.0,255.794,6
2025-09-26 05:37:00-04:00,255.81,255.81,255.81,255.81,142.0,255.81,1
2025-09-26 05:38:00-04:00,255.81,255.81,255.81,255.81,0.0,255.81,0
2025-09-26 05:39:00-04:00,255.81,255.81,255.81,255.81,0.0,255.81,0
2025-09-26 05:40:00-04:00,255.81,255.81,255.81,255.81,0.0,255.81,0
2025-09-26 05:41:00-04:00,255.8,255.8,255.8,255.8,100.0,255.8,1
2025-09-26 05:42:00-04:00,255.8,255.8,255.8,255.8,0.0,255.8,0
2025-09-26 05:43:00-04:00,255.8,255.8,255.8,255.8,0.0,255.8,0
2025-09-26 05:44:00-04:00,255.8,255.8,255.8,255.8,0.0,255.8,0
2025-09-26 05:45:00-04:00,255.84,255.85,255.8,255.85,1822.0,255.824,10
2025-09-26 05:46:00-04:00,255.85,255.85,255.85,255.85,0.0,255.85,0
2025-09-26 05:47:00-04:00,255.83,255.92,255.83,255.92,1479.0,255.902,9
2025-09-26 05:48:00-04:00,255.93,255.93,255.93,255.93,200.0,255.93,2
2025-09-26 05:49:00-04:00,255.99,256.05,255.99,256.05,2855.0,256.035,11
2025-09-26 05:50:00-04:00,256.05,256.05,256.05,256.05,0.0,256.05,0
2025-09-26 05:51:00-04:00,256.05,256.05,256.05,256.05,0.0,256.05,0
2025-09-26 05:52:00-04:00,256.05,256.05,256.05,256.05,0.0,256.05,0
2025-09-26 05:53:00-04:00,256.08,256.08,256.08,256.08,200.0,256.08,2
2025-09-26 05:54:00-04:00,256.08,256.08,256.08,256.08,0.0,256.08,0
2025-09-26 05:55:00-04:00,256.08,256.08,256.08,256.08,0.0,256.08,0
2025-09-26 05:56:00-04:00,256.08,256.08,256.08,256.08,0.0,256.08,0
2025-09-26 05:57:00-04:00,255.98,255.98,255.98,255.98,1970.0,255.98,1
2025-09-26 05:58:00-04:00,255.98,255.98,255.98,255.98,0.0,255.98,0
2025-09-26 05:59:00-04:00,255.98,255.98,255.98,255.98,0.0,255.98,0
2025-09-26 06:00:00-04:00,255.98,255.98,255.98,255.98,0.0,255.98,0
2025-09-26 06:01:00-04:00,256.11,256.4,256.1,256.4,8221.0,256.266,39
2025-09-26 06:02:00-04:00,256.38,256.38,256.21,256.21,1400.0,256.327,4
2025-09-26 06:03:00-04:00,256.35,256.37,256.35,256.37,200.0,256.36,2
2025-09-26 06:04:00-04:00,256.37,256.37,256.37,256.37,0.0,256.37,0
2025-09-26 06:05:00-04:00,256.3,256.36,256.11,256.13,1277.0,256.183,10
2025-09-26 06:06:00-04:00,256.13,256.13,256.1,256.1,646.0,256.123,2
2025-09-26 06:07:00-04:00,256.19,256.2,256.19,256.2,200.0,256.195,2
2025-09-26 06:08:00-04:00,256.11,256.11,256.1,256.1,1063.0,256.101,4
2025-09-26 06:09:00-04:00,255.98,256.0,255.98,256.0,300.0,255.99,3
2025-09-26 06:10:00-04:00,256.18,256.18,256.18,256.18,100.0,256.18,1
2025-09-26 06:11:00-04:00,256.19,256.48,256.17,256.17,6989.0,256.263,44
2025-09-26 06:12:00-04:00,256.19,256.44,256.13,256.44,2775.0,256.171,13
2025-09-26 06:13:00-04:00,256.15,256.2,256.08,256.2,2722.0,256.123,12
2025-09-26 06:14:00-04:00,256.22,256.22,256.17,256.17,3014.0,256.181,10
2025-09-26 06:15:00-04:00,256.25,256.34,256.25,256.29,527.0,256.291,4
2025-09-26 06:16:00-04:00,256.29,256.29,256.29,256.29,0.0,256.29,0
2025-09-26 06:17:00-04:00,256.29,256.29,256.29,256.29,0.0,256.29,0
2025-09-26 06:18:00-04:00,256.29,256.29,256.29,256.29,0.0,256.29,0
2025-09-26 06:19:00-04:00,256.29,256.29,256.29,256.29,0.0,256.29,0
2025-09-26 06:20:00-04:00,256.29,256.29,256.29,256.29,0.0,256.29,0
2025-09-26 06:21:00-04:00,256.29,256.29,256.29,256.29,0.0,256.29,0
2025-09-26 06:22:00-04:00,256.29,256.29,256.29,256.29,0.0,256.29,0
2025-09-26 06:23:00-04:00,256.17,256.21,256.16,256.21,589.0,256.173,4
2025-09-26 06:24:00-04:00,256.21,256.21,256.21,256.21,0.0,256.21,0
2025-09-26 06:25:00-04:00,256.21,256.21,256.21,256.21,0.0,256.21,0
2025-09-26 06:26:00-04:00,256.21,256.21,256.21,256.21,0.0,256.21,0
2025-09-26 06:27:00-04:00,256.14,256.24,256.13,256.24,615.0,256.17,5
2025-09-26 06:28:00-04:00,256.11,256.11,256.04,256.04,700.0,256.069,4
2025-09-26 06:29:00-04:00,256.04,256.04,256.04,256.04,0.0,256.04,0
2025-09-26 06:30:00-04:00,256.04,256.04,256.04,256.04,0.0,256.04,0
2025-09-26 06:31:00-04:00,256.14,256.14,256.14,256.14,160.0,256.14,1
2025-09-26 06:32:00-04:00,256.14,256.14,256.14,256.14,0.0,256.14,0
2025-09-26 06:33:00-04:00,256.14,256.14,256.14,256.14,0.0,256.14,0
2025-09-26 06:34:00-04:00,256.14,256.14,256.14,256.14,0.0,256.14,0
2025-09-26 06:35:00-04:00,256.06,256.06,256.06,256.06,128.0,256.06,1
2025-09-26 06:36:00-04:00,256.06,256.06,256.06,256.06,100.0,256.06,1
2025-09-26 06:37:00-04:00,255.94,255.94,255.94,255.94,100.0,255.94,1
2025-09-26 06:38:00-04:00,255.98,256.05,255.98,256.05,804.0,256.017,5
2025-09-26 06:39:00-04:00,256.05,256.05,256.05,256.05,0.0,256.05,0
2025-09-26 06:40:00-04:00,255.96,255.96,255.96,255.96,239.0,255.96,2
2025-09-26 06:41:00-04:00,255.96,255.96,255.96,255.96,0.0,255.96,0
2025-09-26 06:42:00-04:00,255.96,255.96,255.96,255.96,0.0,255.96,0
2025-09-26 06:43:00-04:00,255.96,255.96,255.96,255.96,0.0,255.96,0
2025-09-26 06:44:00-04:00,255.84,255.84,255.84,255.84,100.0,255.84,1
2025-09-26 06:45:00-04:00,255.84,255.84,255.84,255.84,0.0,255.84,0
2025-09-26 06:46:00-04:00,255.82,255.82,255.81,255.81,200.0,255.815,2
2025-09-26 06:47:00-04:00,255.81,255.81,255.81,255.81,0.0,255.81,0
2025-09-26 06:48:00-04:00,255.84,255.89,255.81,255.81,504.0,255.844,4
2025-09-26 06:49:00-04:00,255.72,255.72,255.72,255.72,129.0,255.72,1
2025-09-26 06:50:00-04:00,255.72,255.72,255.72,255.72,0.0,255.72,0
2025-09-26 06:51:00-04:00,255.7,255.7,255.69,255.69,1170.0,255.699,3
2025-09-26 06:52:00-04:00,255.69,255.69,255.69,255.69,0.0,255.69,0
2025-09-26 06:53:00-04:00,255.69,255.69,255.69,255.69,0.0,255.69,0
2025-09-26 06:54:00-04:00,255.67,255.91,255.67,255.91,900.0,255.788,6
2025-09-26 06:55:00-04:00,255.91,255.91,255.91,255.91,0.0,255.91,0
2025-09-26 06:56:00-04:00,255.88,255.89,255.88,255.89,295.0,255.883,2
2025-09-26 06:57:00-04:00,255.89,255.89,255.89,255.89,0.0,255.89,0
2025-09-26 06:58:00-04:00,255.89,255.89,255.89,255.89,0.0,255.89,0
2025-09-26 06:59:00-04:00,255.89,255.89,255.89,255.89,0.0,255.89,0
2025-09-26 07:00:00-04:00,256.0,256.0,256.0,256.0,150.0,256.0,1
2025-09-26 07:01:00-04:00,256.09,256.09,256.09,256.09,200.0,256.09,2
2025-09-26 07:02:00-04:00,256.09,256.09,256.09,256.09,0.0,256.09,0
2025-09-26 07:03:00-04:00,256.15,256.19,256.14,256.14,679.0,256.158,5
2025-09-26 07:04:00-04:00,256.14,256.14,256.14,256.14,0.0,256.14,0
2025-09-26 07:05:00-04:00,256.1,256.1,255.99,256.0,1201.0,256.036,10
2025-09-26 07:06:00-04:00,256.0,256.01,255.97,255.97,1416.0,255.998,11
2025-09-26 07:07:00-04:00,255.86,255.89,255.86,255.89,200.0,255.875,2
2025-09-26 07:08:00-04:00,255.89,256.0,255.83,256.0,2527.0,255.894,14
2025-09-26 07:09:00-04:00,256.0,256.0,256.0,256.0,0.0,256.0,0
2025-09-26 07:10:00-04:00,256.01,256.01,255.95,255.95,2199.0,255.957,13
2025-09-26 07:11:00-04:00,256.08,256.08,255.97,255.97,900.0,256.016,9
2025-09-26 07:12:00-04:00,256.01,256.05,256.01,256.05,200.0,256.03,2
2025-09-26 07:13:00-04:00,256.0,256.0,255.92,255.92,200.0,255.96,2
2025-09-26 07:14:00-04:00,255.91,255.91,255.9,255.91,939.0,255.906,4
2025-09-26 07:15:00-04:00,255.9,255.92,255.82,255.85,2479.0,255.883,19
2025-09-26 07:16:00-04:00,255.85,255.85,255.71,255.71,2142.0,255.78,8
2025-09-26 07:17:00-04:00,255.7,255.7,255.55,255.55,2486.0,255.574,16
2025-09-26 07:18:00-04:00,255.54,255.54,255.49,255.49,1320.0,255.518,4
2025-09-26 07:19:00-04:00,255.47,255.55,255.47,255.5,4098.0,255.5,18
2025-09-26 07:20:00-04:00,255.5,255.5,255.5,255.5,1200.0,255.5,12
2025-09-26 07:21:00-04:00,255.5,255.5,255.46,255.46,1608.0,255.485,13
2025-09-26 07:22:00-04:00,255.45,255.45,255.38,255.38,676.0,255.432,4
2025-09-26 07:23:00-04:00,255.34,255.34,255.17,255.2,3826.0,255.248,26
2025-09-26 07:24:00-04:00,255.09,255.11,254.73,254.77,5266.0,254.905,35
2025-09-26 07:25:00-04:00,254.79,254.79,254.47,254.51,1877.0,254.602,15
2025-09-26 07:26:00-04:00,254.59,254.79,254.59,254.79,1726.0,254.718,6
2025-09-26 07:27:00-04:00,254.7,254.75,254.49,254.6,7710.0,254.562,52
2025-09-26 07:28:00-04:00,254.6,254.75,254.6,254.75,4480.0,254.687,19
2025-09-26 07:29:00-04:00,254.65,254.65,254.46,254.46,5018.0,254.52,33
2025-09-26 07:30:00-04:00,254.43,254.43,253.59,253.59,18936.0,254.001,88
2025-09-26 07:31:00-04:00,253.94,254.5,253.85,254.5,3405.0,254.229,16
2025-09-26 07:32:00-04:00,254.48,254.5,254.22,254.34,8844.0,254.387,32
2025-09-26 07:33:00-04:00,254.4,254.5,254.4,254.5,2600.0,254.412,8
2025-09-26 07:34:00-04:00,254.48,254.5,254.48,254.5,2912.0,254.495,9
2025-09-26 07:35:00-04:00,254.75,254.76,254.62,254.62,5384.0,254.732,32
2025-09-26 07:36:00-04:00,254.56,254.56,254.33,254.35,6296.0,254.416,39
2025-09-26 07:37:00-04:00,254.35,254.35,254.33,254.35,2431.0,254.346,18
2025-09-26 07:38:00-04:00,254.4,254.5,254.26,254.26,3857.0,254.368,16
2025-09-26 07:39:00-04:00,254.35,254.35,254.34,254.34,324.0,254.346,3
2025-09-26 07:40:00-04:00,254.3,254.3,254.25,254.25,2684.0,254.268,13
2025-09-26 07:41:00-04:00,254.22,254.22,254.15,254.15,458.0,254.205,2
2025-09-26 07:42:00-04:00,254.15,254.15,254.15,254.15,1900.0,254.15,17
2025-09-26 07:43:00-04:00,254.15,254.15,254.15,254.15,0.0,254.15,0
2025-09-26 07:44:00-04:00,254.2,254.2,254.05,254.15,1826.0,254.128,12
2025-09-26 07:45:00-04:00,254.15,254.15,254.15,254.15,0.0,254.15,0
2025-09-26 07:46:00-04:00,254.47,254.49,254.47,254.49,300.0,254.48,3
2025-09-26 07:47:00-04:00,254.66,254.73,254.66,254.73,328.0,254.682,3
2025-09-26 07:48:00-04:00,254.72,255.0,254.72,255.0,1641.0,254.828,11
2025-09-26 07:49:00-04:00,254.99,255.0,254.92,254.92,2259.0,254.984,12
2025-09-26 07:50:00-04:00,254.83,254.84,254.83,254.84,688.0,254.831,3
2025-09-26 07:51:00-04:00,254.87,254.87,254.81,254.82,832.0,254.828,5
2025-09-26 07:52:00-04:00,254.74,254.74,254.72,254.72,513.0,254.728,3
2025-09-26 07:53:00-04:00,254.66,254.66,254.66,254.66,608.0,254.66,2
2025-09-26 07:54:00-04:00,254.78,254.78,254.7,254.7,1437.0,254.762,5
2025-09-26 07:55:00-04:00,254.7,254.7,254.7,254.7,0.0,254.7,0
2025-09-26 07:56:00-04:00,254.72,254.72,254.52,254.7,3728.0,254.689,9
2025-09-26 07:57:00-04:00,254.58,254.58,254.39,254.5,2415.0,254.475,17
2025-09-26 07:58:00-04:00,254.42,254.42,254.42,254.42,200.0,254.42,2
2025-09-26 07:59:00-04:00,254.4,254.5,254.4,254.5,4033.0,254.45,23
2025-09-26 08:00:00-04:00,256.19,256.7,253.59,254.6,107158.0,255.214,305
2025-09-26 08:01:00-04:00,255.8,255.8,254.43,254.7,1302.0,254.608,8
2025-09-26 08:02:00-04:00,254.4,254.4,254.4,254.4,700.0,254.4,4
2025-09-26 08:03:00-04:00,254.43,254.6,254.4,254.4,2355.0,254.423,10
2025-09-26 08:04:00-04:00,254.56,254.61,254.38,254.38,450.0,254.548,3
2025-09-26 08:05:00-04:00,254.51,254.62,254.38,254.62,2472.0,254.479,17
2025-09-26 08:06:00-04:00,254.5,254.5,254.35,254.46,4704.0,254.387,18
2025-09-26 08:07:00-04:00,254.5,254.6,254.34,254.6,1140.0,254.451,6
2025-09-26 08:08:00-04:00,254.6,254.6,254.5,254.56,1600.0,254.536,9
2025-09-26 08:09:00-04:00,254.75,254.75,254.74,254.74,399.0,254.745,2
2025-09-26 08:10:00-04:00,254.75,254.75,254.68,254.68,360.0,254.699,3
2025-09-26 08:11:00-04:00,254.63,254.63,254.6,254.6,613.0,254.622,4
2025-09-26 08:12:00-04:00,254.51,254.51,254.51,254.51,400.0,254.51,1
2025-09-26 08:13:00-04:00,254.58,254.65,254.56,254.6,525.0,254.596,4
2025-09-26 08:14:00-04:00,254.68,254.69,254.6,254.67,1000.0,254.65,5
2025-09-26 08:15:00-04:00,254.51,254.52,254.33,254.33,3745.0,254.416,12
2025-09-26 08:16:00-04:00,254.33,254.39,254.33,254.35,3947.0,254.355,15
2025-09-26 08:17:00-04:00,254.35,254.39,254.08,254.32,6347.0,254.255,33
2025-09-26 08:18:00-04:00,254.32,254.32,254.32,254.32,0.0,254.32,0
2025-09-26 08:19:00-04:00,254.2,254.46,254.2,254.46,1662.0,254.378,7
2025-09-26 08:20:00-04:00,254.44,254.44,254.25,254.25,400.0,254.355,3
2025-09-26 08:21:00-04:00,254.25,254.25,254.25,254.25,0.0,254.25,0
2025-09-26 08:22:00-04:00,254.25,254.26,254.25,254.25,350.0,254.254,1
2025-09-26 08:23:00-04:00,254.54,254.58,254.48,254.58,900.0,254.538,4
2025-09-26 08:24:00-04:00,254.55,254.55,254.55,254.55,100.0,254.55,1
2025-09-26 08:25:00-04:00,254.55,254.55,254.55,254.55,0.0,254.55,0
2025-09-26 08:26:00-04:00,254.69,254.69,254.5,254.5,1198.0,254.593,6
2025-09-26 08:27:00-04:00,254.5,254.62,254.48,254.61,675.0,254.559,4
2025-09-26 08:28:00-04:00,254.64,254.86,254.64,254.86,7829.0,254.747,14
2025-09-26 08:29:00-04:00,254.85,254.86,254.73,254.86,906.0,254.792,6
2025-09-26 08:30:00-04:00,254.79,254.85,254.5,254.85,2197.0,254.689,12
2025-09-26 08:31:00-04:00,254.95,255.39,254.94,255.05,11320.0,255.042,50
2025-09-26 08:32:00-04:00,255.15,255.26,254.95,254.95,2993.0,255.064,16
2025-09-26 08:33:00-04:00,254.75,254.75,254.53,254.75,5688.0,254.695,17
2025-09-26 08:34:00-04:00,254.73,255.12,254.73,255.02,1777.0,254.886,9
2025-09-26 08:35:00-04:00,254.82,255.14,254.82,255.0,3112.0,255.0,15
2025-09-26 08:36:00-04:00,255.14,255.36,255.12,255.36,3532.0,255.248,17
2025-09-26 08:37:00-04:00,255.26,255.36,255.17,255.21,1170.0,255.254,8
2025-09-26 08:38:00-04:00,255.15,255.3,255.01,255.3,3206.0,255.093,13
2025-09-26 08:39:00-04:00,255.17,255.17,254.82,254.97,4586.0,255.078,18
2025-09-26 08:40:00-04:00,254.95,255.15,254.95,255.13,2927.0,255.022,18
2025-09-26 08:41:00-04:00,255.0,255.09,255.0,255.0,1641.0,255.006,6
2025-09-26 08:42:00-04:00,254.86,254.88,254.75,254.75,3186.0,254.808,19
2025-09-26 08:43:00-04:00,254.86,254.94,254.79,254.81,5165.0,254.871,18
2025-09-26 08:44:00-04:00,254.81,254.81,254.81,254.81,0.0,254.81,0
2025-09-26 08:45:00-04:00,254.87,254.98,254.55,254.55,3465.0,254.75,17
2025-09-26 08:46:00-04:00,254.55,254.65,254.51,254.65,4816.0,254.629,8
2025-09-26 08:47:00-04:00,254.51,254.85,254.5,254.58,2734.0,254.625,14
2025-09-26 08:48:00-04:00,254.68,254.69,254.54,254.6,2093.0,254.572,8
2025-09-26 08:49:00-04:00,254.5,254.59,254.5,254.5,2995.0,254.564,9
2025-09-26 08:50:00-04:00,254.7,254.7,254.5,254.67,300.0,254.622,3
2025-09-26 08:51:00-04:00,254.66,254.66,254.58,254.66,1229.0,254.602,5
2025-09-26 08:52:00-04:00,254.7,254.7,254.5,254.61,1709.0,254.635,10
2025-09-26 08:53:00-04:00,254.6,254.6,254.6,254.6,200.0,254.6,2
2025-09-26 08:54:00-04:00,254.56,254.61,254.4,254.4,2882.0,254.511,13
2025-09-26 08:55:00-04:00,254.34,254.5,254.25,254.5,1800.0,254.37,8
2025-09-26 08:56:00-04:00,254.49,254.5,254.48,254.5,940.0,254.496,4
2025-09-26 08:57:00-04:00,254.49,254.5,254.49,254.5,1278.0,254.499,8
2025-09-26 08:58:00-04:00,254.62,254.62,254.5,254.53,8686.0,254.508,15
2025-09-26 08:59:00-04:00,254.53,254.69,254.42,254.42,1264.0,254.601,4
2025-09-26 09:00:00-04:00,254.37,254.45,254.1,254.26,14495.0,254.301,54
2025-09-26 09:01:00-04:00,254.1,254.39,254.1,254.39,1027.0,254.214,7
2025-09-26 09:02:00-04:00,254.22,254.43,254.22,254.25,610.0,254.343,6
2025-09-26 09:03:00-04:00,254.31,254.31,254.29,254.3,600.0,254.3,4
2025-09-26 09:04:00-04:00,254.3,254.4,254.25,254.26,1326.0,254.336,6
2025-09-26 09:05:00-04:00,254.25,254.29,254.25,254.29,748.0,254.256,4
2025-09-26 09:06:00-04:00,254.27,254.29,254.11,254.13,2669.0,254.219,15
2025-09-26 09:07:00-04:00,254.21,254.21,254.06,254.07,1794.0,254.109,11
2025-09-26 09:08:00-04:00,254.1,254.1,254.1,254.1,1200.0,254.1,2
2025-09-26 09:09:00-04:00,254.3,254.3,254.07,254.07,2162.0,254.13,11
2025-09-26 09:10:00-04:00,254.28,254.29,254.05,254.06,5766.0,254.105,15
2025-09-26 09:11:00-04:00,254.13,254.13,254.13,254.13,100.0,254.13,1
2025-09-26 09:12:00-04:00,254.1,254.14,254.1,254.14,3768.0,254.135,9
2025-09-26 09:13:00-04:00,254.21,254.3,254.11,254.3,1819.0,254.258,13
2025-09-26 09:14:00-04:00,254.59,254.6,254.59,254.6,1246.0,254.598,4
2025-09-26 09:15:00-04:00,254.45,254.59,254.42,254.42,2042.0,254.454,6
2025-09-26 09:16:00-04:00,254.59,254.6,254.32,254.33,2888.0,254.54,14
2025-09-26 09:17:00-04:00,254.49,254.49,254.48,254.49,1000.0,254.489,1
2025-09-26 09:18:00-04:00,254.45,254.49,254.45,254.45,1202.0,254.48,7
2025-09-26 09:19:00-04:00,254.54,254.63,254.45,254.6,3132.0,254.567,13
2025-09-26 09:20:00-04:00,254.5,254.62,254.46,254.6,3609.0,254.527,11
2025-09-26 09:21:00-04:00,254.53,254.75,254.53,254.75,8098.0,254.628,14
2025-09-26 09:22:00-04:00,254.78,254.83,254.75,254.78,4223.0,254.778,9
2025-09-26 09:23:00-04:00,254.78,254.78,254.72,254.78,2715.0,254.766,11
2025-09-26 09:24:00-04:00,254.7,254.79,254.6,254.62,3111.0,254.679,19
2025-09-26 09:25:00-04:00,254.6,254.62,254.5,254.62,2263.0,254.569,11
2025-09-26 09:26:00-04:00,254.62,254.8,254.59,254.77,3656.0,254.711,14
2025-09-26 09:27:00-04:00,254.62,254.62,253.79,254.03,27913.0,254.129,87
2025-09-26 09:28:00-04:00,253.84,254.22,253.78,254.09,12521.0,253.922,56
2025-09-26 09:29:00-04:00,254.15,254.25,254.0,254.03,3363.0,254.156,18
2025-09-26 09:30:00-04:00,254.18,254.92,253.78,254.57,962605.0,254.091,2696
2025-09-26 09:31:00-04:00,254.58,254.87,254.3,254.85,245676.0,254.639,1673
2025-09-26 09:32:00-04:00,254.88,254.98,254.5,254.93,202162.0,254.778,1450
2025-09-26 09:33:00-04:00,254.9,255.07,254.53,254.84,236495.0,254.851,1601
2025-09-26 09:34:00-04:00,254.84,254.92,254.51,254.58,189144.0,254.694,1184
2025-09-26 09:35:00-04:00,254.55,254.6,253.98,254.12,246840.0,254.171,1441
2025-09-26 09:36:00-04:00,254.09,254.59,254.01,254.31,265354.0,254.386,1633
2025-09-26 09:37:00-04:00,254.31,254.83,254.13,254.83,278654.0,254.384,1520
2025-09-26 09:38:00-04:00,254.83,255.0,254.66,254.88,178266.0,254.798,1070
2025-09-26 09:39:00-04:00,254.88,255.29,254.75,255.27,135619.0,254.945,871
2025-09-26 09:40:00-04:00,255.27,255.37,255.08,255.22,165754.0,255.214,1032
2025-09-26 09:41:00-04:00,255.19,255.68,255.13,255.54,209988.0,255.465,1150
2025-09-26 09:42:00-04:00,255.52,255.75,255.22,255.67,193007.0,255.512,1269
2025-09-26 09:43:00-04:00,255.65,256.04,255.5,255.84,192445.0,255.832,1087
2025-09-26 09:44:00-04:00,255.84,255.99,255.53,255.72,112128.0,255.766,739
2025-09-26 09:45:00-04:00,255.73,255.97,255.58,255.96,146992.0,255.761,826
2025-09-26 09:46:00-04:00,255.96,256.21,255.94,256.12,181365.0,256.079,924
2025-09-26 09:47:00-04:00,256.14,256.19,255.93,256.02,128344.0,256.05,657
2025-09-26 09:48:00-04:00,256.05,256.09,255.7,255.92,123497.0,255.893,748
2025-09-26 09:49:00-04:00,255.91,255.94,255.71,255.74,77831.0,255.791,513
2025-09-26 09:50:00-04:00,255.75,256.06,255.73,255.81,133007.0,255.893,945
2025-09-26 09:51:00-04:00,255.81,255.89,255.67,255.75,132794.0,255.741,541
2025-09-26 09:52:00-04:00,255.76,255.83,255.6,255.64,112037.0,255.675,676
2025-09-26 09:53:00-04:00,255.63,255.86,255.62,255.81,70546.0,255.737,504
2025-09-26 09:54:00-04:00,255.81,256.08,255.76,256.08,112618.0,255.907,632
2025-09-26 09:55:00-04:00,256.08,256.11,255.92,255.97,94355.0,256.016,488
2025-09-26 09:56:00-04:00,255.96,256.2,255.91,256.15,68928.0,256.074,493
2025-09-26 09:57:00-04:00,256.18,256.28,256.05,256.06,100956.0,256.188,482
2025-09-26 09:58:00-04:00,256.08,256.2,256.02,256.11,67472.0,256.129,413
2025-09-26 09:59:00-04:00,256.12,256.34,256.0,256.29,123143.0,256.175,720
2025-09-26 10:00:00-04:00,256.26,256.43,256.19,256.34,131159.0,256.301,793
2025-09-26 10:01:00-04:00,256.35,256.6,256.32,256.55,157786.0,256.484,774
2025-09-26 10:02:00-04:00,256.55,256.55,256.29,256.43,93707.0,256.423,644
2025-09-26 10:03:00-04:00,256.43,256.44,256.16,256.19,108774.0,256.295,653
2025-09-26 10:04:00-04:00,256.2,256.22,256.0,256.09,83923.0,256.133,588
2025-09-26 10:05:00-04:00,256.1,256.25,256.02,256.03,100248.0,256.167,512
2025-09-26 10:06:00-04:00,256.03,256.1,255.69,255.73,118732.0,255.846,737
2025-09-26 10:07:00-04:00,255.73,255.75,255.17,255.32,132769.0,255.407,721
2025-09-26 10:08:00-04:00,255.3,255.49,255.25,255.32,90639.0,255.385,549
2025-09-26 10:09:00-04:00,255.33,255.49,255.21,255.46,61353.0,255.339,436
2025-09-26 10:10:00-04:00,255.46,255.56,255.17,255.2,107264.0,255.392,749
2025-09-26 10:11:00-04:00,255.21,255.26,254.94,254.97,193404.0,255.056,886
2025-09-26 10:12:00-04:00,254.97,255.26,254.89,255.24,85163.0,255.025,575
2025-09-26 10:13:00-04:00,255.26,255.26,254.83,254.95,68782.0,255.034,459
2025-09-26 10:14:00-04:00,254.96,255.08,254.88,254.96,49388.0,254.967,308
2025-09-26 10:15:00-04:00,254.96,254.97,254.72,254.83,78646.0,254.83,543
2025-09-26 10:16:00-04:00,254.85,254.99,254.78,254.87,63074.0,254.896,479
2025-09-26 10:17:00-04:00,254.87,255.13,254.85,255.09,75451.0,254.945,455
2025-09-26 10:18:00-04:00,255.1,255.23,254.94,255.01,83297.0,255.079,608
2025-09-26 10:19:00-04:00,255.03,255.18,254.93,254.96,58813.0,255.053,429
2025-09-26 10:20:00-04:00,254.96,254.96,254.71,254.83,88921.0,254.797,593
2025-09-26 10:21:00-04:00,254.82,254.84,254.62,254.73,73445.0,254.735,502
2025-09-26 10:22:00-04:00,254.75,254.78,254.57,254.67,109194.0,254.651,630
2025-09-26 10:23:00-04:00,254.65,254.95,254.63,254.81,83863.0,254.779,610
2025-09-26 10:24:00-04:00,254.81,254.83,254.6,254.62,65327.0,254.707,442
2025-09-26 10:25:00-04:00,254.64,254.64,254.47,254.52,78918.0,254.543,498
2025-09-26 10:26:00-04:00,254.53,254.67,254.47,254.56,80180.0,254.561,552
2025-09-26 10:27:00-04:00,254.56,254.57,254.34,254.48,77437.0,254.432,512
2025-09-26 10:28:00-04:00,254.48,254.79,254.36,254.79,90904.0,254.607,556
2025-09-26 10:29:00-04:00,254.79,255.04,254.71,255.02,93970.0,254.908,609
2025-09-26 10:30:00-04:00,255.02,255.02,254.74,254.79,101473.0,254.883,606
2025-09-26 10:31:00-04:00,254.8,254.93,254.64,254.87,59594.0,254.78,449
2025-09-26 10:32:00-04:00,254.87,254.94,254.75,254.86,42765.0,254.841,331
2025-09-26 10:33:00-04:00,254.87,254.96,254.74,254.85,47772.0,254.839,387
2025-09-26 10:34:00-04:00,254.85,254.9,254.78,254.86,54016.0,254.855,406
2025-09-26 10:35:00-04:00,254.85,254.87,254.67,254.84,73498.0,254.762,575
2025-09-26 10:36:00-04:00,254.84,254.94,254.75,254.83,85937.0,254.822,623
2025-09-26 10:37:00-04:00,254.83,254.84,254.57,254.65,107597.0,254.715,666
2025-09-26 10:38:00-04:00,254.64,254.92,254.61,254.92,58948.0,254.768,415
2025-09-26 10:39:00-04:00,254.93,255.03,254.84,255.0,50365.0,254.94,382
2025-09-26 10:40:00-04:00,255.0,255.16,254.9,255.11,61547.0,255.013,400
2025-09-26 10:41:00-04:00,255.11,255.34,255.11,255.34,94687.0,255.249,577
2025-09-26 10:42:00-04:00,255.34,255.56,255.28,255.51,90748.0,255.41,454
2025-09-26 10:43:00-04:00,255.52,255.67,255.42,255.66,71760.0,255.533,446
2025-09-26 10:44:00-04:00,255.66,255.68,255.46,255.51,57457.0,255.541,365
2025-09-26 10:45:00-04:00,255.51,255.64,255.24,255.27,72833.0,255.433,483
2025-09-26 10:46:00-04:00,255.25,255.36,255.11,255.2,68999.0,255.275,484
2025-09-26 10:47:00-04:00,255.2,255.26,255.11,255.16,41407.0,255.179,271
2025-09-26 10:48:00-04:00,255.16,255.27,255.11,255.12,31150.0,255.186,216
2025-09-26 10:49:00-04:00,255.1,255.24,254.97,254.99,60176.0,255.13,421
2025-09-26 10:50:00-04:00,254.99,255.02,254.8,254.85,84337.0,254.926,499
2025-09-26 10:51:00-04:00,254.85,255.1,254.84,255.04,40072.0,254.95,284
2025-09-26 10:52:00-04:00,255.05,255.17,255.03,255.06,38133.0,255.09,218
2025-09-26 10:53:00-04:00,255.08,255.27,254.95,254.95,86953.0,255.18,571
2025-09-26 10:54:00-04:00,254.97,255.08,254.95,255.07,43314.0,255.008,256
2025-09-26 10:55:00-04:00,255.06,255.28,255.05,255.25,53498.0,255.183,362
2025-09-26 10:56:00-04:00,255.26,255.3,255.05,255.17,36471.0,255.191,259
2025-09-26 10:57:00-04:00,255.16,255.27,255.1,255.11,38486.0,255.205,286
2025-09-26 10:58:00-04:00,255.12,255.21,255.1,255.13,20992.0,255.149,169
2025-09-26 10:59:00-04:00,255.13,255.27,254.97,255.03,92424.0,255.144,458
2025-09-26 11:00:00-04:00,255.02,255.07,254.94,255.0,41199.0,255.002,329
2025-09-26 11:01:00-04:00,255.01,255.07,254.92,254.94,30583.0,254.981,216
2025-09-26 11:02:00-04:00,254.95,255.17,254.95,255.11,60505.0,255.077,289
2025-09-26 11:03:00-04:00,255.13,255.36,255.12,255.28,92356.0,255.29,492
2025-09-26 11:04:00-04:00,255.28,255.41,255.19,255.26,42785.0,255.297,306
2025-09-26 11:05:00-04:00,255.27,255.32,255.0,255.02,58673.0,255.2,357
2025-09-26 11:06:00-04:00,255.02,255.28,254.96,255.14,74400.0,255.149,459
2025-09-26 11:07:00-04:00,255.17,255.44,255.17,255.4,115151.0,255.306,588
2025-09-26 11:08:00-04:00,255.4,255.51,255.35,255.43,94424.0,255.439,514
2025-09-26 11:09:00-04:00,255.44,255.44,255.23,255.28,48056.0,255.305,291
2025-09-26 11:10:00-04:00,255.28,255.47,255.26,255.29,35871.0,255.344,269
2025-09-26 11:11:00-04:00,255.3,255.37,255.23,255.28,73902.0,255.314,483
2025-09-26 11:12:00-04:00,255.3,255.31,255.09,255.17,31285.0,255.18,233
2025-09-26 11:13:00-04:00,255.19,255.29,255.17,255.28,29180.0,255.233,186
2025-09-26 11:14:00-04:00,255.28,255.37,255.16,255.19,33823.0,255.255,226
2025-09-26 11:15:00-04:00,255.18,255.25,255.07,255.08,38490.0,255.164,272
2025-09-26 11:16:00-04:00,255.09,255.37,255.09,255.31,34593.0,255.242,252
2025-09-26 11:17:00-04:00,255.31,255.56,255.3,255.55,59590.0,255.441,367
2025-09-26 11:18:00-04:00,255.56,255.79,255.56,255.79,105748.0,255.699,565
2025-09-26 11:19:00-04:00,255.78,255.86,255.72,255.78,68358.0,255.815,443
2025-09-26 11:20:00-04:00,255.79,255.92,255.71,255.73,72406.0,255.818,402
2025-09-26 11:21:00-04:00,255.75,255.8,255.67,255.73,34553.0,255.733,258
2025-09-26 11:22:00-04:00,255.74,255.83,255.69,255.81,44236.0,255.738,357
2025-09-26 11:23:00-04:00,255.81,255.83,255.58,255.65,38298.0,255.69,238
2025-09-26 11:24:00-04:00,255.65,255.65,255.5,255.56,52331.0,255.607,360
2025-09-26 11:25:00-04:00,255.56,255.77,255.55,255.75,65536.0,255.645,344
2025-09-26 11:26:00-04:00,255.74,255.77,255.65,255.74,35314.0,255.715,259
2025-09-26 11:27:00-04:00,255.74,255.79,255.68,255.72,29888.0,255.736,215
2025-09-26 11:28:00-04:00,255.72,255.84,255.69,255.84,68615.0,255.757,365
2025-09-26 11:29:00-04:00,255.83,256.0,255.82,255.97,100420.0,255.924,582
2025-09-26 11:30:00-04:00,255.97,256.04,255.81,255.84,93651.0,255.96,467
2025-09-26 11:31:00-04:00,255.85,255.88,255.77,255.83,32058.0,255.818,217
2025-09-26 11:32:00-04:00,255.82,255.88,255.75,255.86,52393.0,255.814,345
2025-09-26 11:33:00-04:00,255.84,255.86,255.67,255.73,27245.0,255.748,202
2025-09-26 11:34:00-04:00,255.73,255.84,255.73,255.75,25351.0,255.784,149
2025-09-26 11:35:00-04:00,255.74,255.83,255.71,255.73,22096.0,255.772,161
2025-09-26 11:36:00-04:00,255.74,255.87,255.73,255.75,26129.0,255.821,183
2025-09-26 11:37:00-04:00,255.74,255.78,255.58,255.63,71311.0,255.673,439
2025-09-26 11:38:00-04:00,255.64,255.65,255.35,255.38,68338.0,255.476,388
2025-09-26 11:39:00-04:00,255.38,255.38,255.21,255.27,47377.0,255.276,282
2025-09-26 11:40:00-04:00,255.27,255.32,255.08,255.09,41088.0,255.193,256
2025-09-26 11:41:00-04:00,255.11,255.13,255.0,255.07,51499.0,255.069,235
2025-09-26 11:42:00-04:00,255.08,255.14,254.89,255.01,61385.0,255.023,364
2025-09-26 11:43:00-04:00,255.0,255.03,254.86,254.97,56317.0,254.953,317
2025-09-26 11:44:00-04:00,254.96,254.99,254.9,254.93,48245.0,254.955,300
2025-09-26 11:45:00-04:00,254.93,255.03,254.87,254.95,88991.0,254.967,509
2025-09-26 11:46:00-04:00,254.94,255.28,254.94,255.19,90839.0,255.132,503
2025-09-26 11:47:00-04:00,255.21,255.28,255.13,255.22,30398.0,255.22,205
2025-09-26 11:48:00-04:00,255.22,255.36,255.22,255.27,38671.0,255.291,225
2025-09-26 11:49:00-04:00,255.34,255.5,255.32,255.49,76774.0,255.41,490
2025-09-26 11:50:00-04:00,255.5,255.53,255.31,255.31,35856.0,255.445,264
2025-09-26 11:51:00-04:00,255.32,255.48,255.29,255.44,27328.0,255.361,202
2025-09-26 11:52:00-04:00,255.45,255.49,255.31,255.34,27885.0,255.408,205
2025-09-26 11:53:00-04:00,255.34,255.4,255.18,255.2,41632.0,255.286,310
2025-09-26 11:54:00-04:00,255.19,255.28,255.12,255.23,45706.0,255.205,307
2025-09-26 11:55:00-04:00,255.23,255.28,255.15,255.19,51627.0,255.192,392
2025-09-26 11:56:00-04:00,255.19,255.28,255.19,255.23,38691.0,255.239,324
2025-09-26 11:57:00-04:00,255.24,255.41,255.19,255.41,37451.0,255.256,293
2025-09-26 11:58:00-04:00,255.4,255.4,255.17,255.18,23504.0,255.289,190
2025-09-26 11:59:00-04:00,255.17,255.2,255.05,255.06,31396.0,255.13,220
2025-09-26 12:00:00-04:00,255.07,255.14,255.04,255.07,30517.0,255.083,199
2025-09-26 12:01:00-04:00,255.07,255.09,254.93,254.99,35764.0,255.016,234
2025-09-26 12:02:00-04:00,255.0,255.06,254.98,255.03,29192.0,255.021,222
2025-09-26 12:03:00-04:00,255.03,255.17,255.02,255.05,42543.0,255.067,333
2025-09-26 12:04:00-04:00,255.05,255.12,254.99,255.06,24748.0,255.055,200
2025-09-26 12:05:00-04:00,255.07,255.1,254.92,255.01,47473.0,255.002,286
2025-09-26 12:06:00-04:00,255.03,255.2,255.03,255.2,37301.0,255.113,265
2025-09-26 12:07:00-04:00,255.2,255.24,255.03,255.15,58172.0,255.144,398
2025-09-26 12:08:00-04:00,255.16,255.18,255.05,255.08,26630.0,255.109,207
2025-09-26 12:09:00-04:00,255.08,255.19,255.06,255.16,22078.0,255.119,158
2025-09-26 12:10:00-04:00,255.17,255.23,255.11,255.2,24123.0,255.157,159
2025-09-26 12:11:00-04:00,255.22,255.33,255.19,255.2,25829.0,255.26,170
2025-09-26 12:12:00-04:00,255.21,255.31,255.18,255.27,35597.0,255.239,192
2025-09-26 12:13:00-04:00,255.26,255.26,255.13,255.19,40422.0,255.185,320
2025-09-26 12:14:00-04:00,255.19,255.27,255.13,255.14,38156.0,255.201,304
2025-09-26 12:15:00-04:00,255.16,255.23,255.12,255.18,26891.0,255.18,229
2025-09-26 12:16:00-04:00,255.17,255.18,255.0,255.02,26853.0,255.091,220
2025-09-26 12:17:00-04:00,255.03,255.17,254.97,255.1,46813.0,255.059,300
2025-09-26 12:18:00-04:00,255.11,255.13,255.03,255.11,18873.0,255.085,136
2025-09-26 12:19:00-04:00,255.11,255.28,255.1,255.27,25082.0,255.187,154
2025-09-26 12:20:00-04:00,255.27,255.39,255.2,255.39,59050.0,255.287,368
2025-09-26 12:21:00-04:00,255.4,255.5,255.36,255.42,83023.0,255.431,443
2025-09-26 12:22:00-04:00,255.42,255.52,255.32,255.52,55194.0,255.405,310
2025-09-26 12:23:00-04:00,255.51,255.53,255.42,255.43,37944.0,255.493,223
2025-09-26 12:24:00-04:00,255.43,255.63,255.43,255.61,42648.0,255.569,229
2025-09-26 12:25:00-04:00,255.62,255.71,255.61,255.63,40977.0,255.669,255
2025-09-26 12:26:00-04:00,255.64,255.67,255.53,255.53,27147.0,255.619,179
2025-09-26 12:27:00-04:00,255.55,255.65,255.51,255.51,30081.0,255.586,214
2025-09-26 12:28:00-04:00,255.51,255.53,255.43,255.45,53124.0,255.474,304
2025-09-26 12:29:00-04:00,255.46,255.7,255.45,255.67,29347.0,255.602,205
2025-09-26 12:30:00-04:00,255.66,255.76,255.65,255.76,39564.0,255.724,237
2025-09-26 12:31:00-04:00,255.77,255.83,255.74,255.79,60496.0,255.796,307
2025-09-26 12:32:00-04:00,255.79,255.86,255.67,255.68,30388.0,255.794,187
2025-09-26 12:33:00-04:00,255.66,255.69,255.52,255.53,18255.0,255.629,130
2025-09-26 12:34:00-04:00,255.52,255.71,255.48,255.69,35789.0,255.537,253
2025-09-26 12:35:00-04:00,255.7,255.77,255.63,255.7,24091.0,255.703,191
2025-09-26 12:36:00-04:00,255.7,255.8,255.68,255.77,17987.0,255.759,150
2025-09-26 12:37:00-04:00,255.78,255.93,255.76,255.91,29599.0,255.866,183
2025-09-26 12:38:00-04:00,255.9,255.94,255.87,255.88,28810.0,255.908,161
2025-09-26 12:39:00-04:00,255.87,255.89,255.77,255.81,28560.0,255.838,178
2025-09-26 12:40:00-04:00,255.8,255.85,255.65,255.69,14742.0,255.735,105
2025-09-26 12:41:00-04:00,255.69,255.8,255.67,255.78,19518.0,255.73,132
2025-09-26 12:42:00-04:00,255.79,255.83,255.77,255.78,15835.0,255.792,84
2025-09-26 12:43:00-04:00,255.78,255.84,255.77,255.78,15799.0,255.8,97
2025-09-26 12:44:00-04:00,255.79,255.84,255.73,255.74,19525.0,255.791,144
2025-09-26 12:45:00-04:00,255.73,255.82,255.71,255.73,22910.0,255.769,142
2025-09-26 12:46:00-04:00,255.72,255.83,255.68,255.81,39108.0,255.779,159
2025-09-26 12:47:00-04:00,255.8,255.8,255.76,255.77,11755.0,255.78,63
2025-09-26 12:48:00-04:00,255.76,255.78,255.65,255.74,20720.0,255.728,138
2025-09-26 12:49:00-04:00,255.75,255.81,255.73,255.8,19047.0,255.785,108
2025-09-26 12:50:00-04:00,255.79,255.81,255.74,255.75,13970.0,255.776,94
2025-09-26 12:51:00-04:00,255.75,255.81,255.72,255.81,19420.0,255.749,106
2025-09-26 12:52:00-04:00,255.81,255.93,255.81,255.88,59309.0,255.886,319
2025-09-26 12:53:00-04:00,255.88,255.91,255.83,255.89,40445.0,255.88,144
2025-09-26 12:54:00-04:00,255.9,256.05,255.88,256.03,71247.0,255.979,303
2025-09-26 12:55:00-04:00,256.02,256.11,255.99,256.08,58108.0,256.054,215
2025-09-26 12:56:00-04:00,256.07,256.15,256.0,256.15,29026.0,256.065,151
2025-09-26 12:57:00-04:00,256.15,256.3,256.12,256.29,58746.0,256.217,313
2025-09-26 12:58:00-04:00,256.29,256.4,256.25,256.37,93778.0,256.336,491
2025-09-26 12:59:00-04:00,256.36,256.39,256.29,256.34,30232.0,256.344,174
2025-09-26 13:00:00-04:00,256.33,256.43,256.21,256.24,42110.0,256.33,255
2025-09-26 13:01:00-04:00,256.24,256.33,256.2,256.28,42312.0,256.26,260
2025-09-26 13:02:00-04:00,256.31,256.38,256.3,256.31,21077.0,256.344,112
2025-09-26 13:03:00-04:00,256.31,256.37,256.26,256.28,26072.0,256.326,172
2025-09-26 13:04:00-04:00,256.28,256.28,256.22,256.25,40009.0,256.237,152
2025-09-26 13:05:00-04:00,256.24,256.34,256.21,256.29,36302.0,256.29,202
2025-09-26 13:06:00-04:00,256.29,256.42,256.28,256.4,35184.0,256.355,194
2025-09-26 13:07:00-04:00,256.42,256.43,256.32,256.36,27129.0,256.386,159
2025-09-26 13:08:00-04:00,256.37,256.47,256.36,256.43,55297.0,256.439,345
2025-09-26 13:09:00-04:00,256.43,256.54,256.4,256.5,52905.0,256.464,289
2025-09-26 13:10:00-04:00,256.5,256.56,256.49,256.53,32049.0,256.525,184
2025-09-26 13:11:00-04:00,256.52,256.69,256.51,256.66,61284.0,256.608,321
2025-09-26 13:12:00-04:00,256.66,256.77,256.63,256.74,68828.0,256.703,291
2025-09-26 13:13:00-04:00,256.75,256.88,256.72,256.86,85673.0,256.819,470
2025-09-26 13:14:00-04:00,256.86,256.98,256.86,256.9,105492.0,256.926,549
2025-09-26 13:15:00-04:00,256.9,256.96,256.76,256.83,57965.0,256.861,306
2025-09-26 13:16:00-04:00,256.84,256.84,256.62,256.66,62733.0,256.723,269
2025-09-26 13:17:00-04:00,256.65,256.66,256.54,256.61,37301.0,256.592,213
2025-09-26 13:18:00-04:00,256.61,256.62,256.55,256.56,25472.0,256.588,131
2025-09-26 13:19:00-04:00,256.56,256.65,256.49,256.65,38238.0,256.582,204
2025-09-26 13:20:00-04:00,256.66,256.66,256.52,256.56,53509.0,256.579,365
2025-09-26 13:21:00-04:00,256.57,256.59,256.48,256.52,38132.0,256.522,220
2025-09-26 13:22:00-04:00,256.52,256.53,256.44,256.49,28947.0,256.496,150
2025-09-26 13:23:00-04:00,256.49,256.54,256.48,256.5,34866.0,256.498,218
2025-09-26 13:24:00-04:00,256.51,256.52,256.38,256.42,24325.0,256.433,156
2025-09-26 13:25:00-04:00,256.43,256.5,256.42,256.43,53405.0,256.456,360
2025-09-26 13:26:00-04:00,256.48,256.56,256.45,256.54,17312.0,256.495,121
2025-09-26 13:27:00-04:00,256.53,256.55,256.49,256.52,23860.0,256.519,146
2025-09-26 13:28:00-04:00,256.52,256.6,256.51,256.56,35857.0,256.545,188
2025-09-26 13:29:00-04:00,256.55,256.57,256.51,256.52,19807.0,256.54,150
2025-09-26 13:30:00-04:00,256.52,256.55,256.48,256.52,32902.0,256.501,146
2025-09-26 13:31:00-04:00,256.51,256.52,256.36,256.45,28751.0,256.441,164
2025-09-26 13:32:00-04:00,256.45,256.45,256.34,256.39,27298.0,256.394,149
2025-09-26 13:33:00-04:00,256.38,256.42,256.36,256.38,23057.0,256.379,92
2025-09-26 13:34:00-04:00,256.39,256.39,256.32,256.36,34163.0,256.355,166
2025-09-26 13:35:00-04:00,256.36,256.4,256.32,256.36,28689.0,256.35,189
2025-09-26 13:36:00-04:00,256.36,256.47,256.35,256.46,29365.0,256.386,110
2025-09-26 13:37:00-04:00,256.45,256.46,256.36,256.4,23356.0,256.415,134
2025-09-26 13:38:00-04:00,256.39,256.42,256.27,256.28,37431.0,256.364,171
2025-09-26 13:39:00-04:00,256.28,257.6,256.27,256.63,244351.0,256.797,1632
2025-09-26 13:40:00-04:00,256.63,257.11,256.57,256.73,176613.0,256.79,1062
2025-09-26 13:41:00-04:00,256.69,256.73,256.49,256.59,84513.0,256.59,386
2025-09-26 13:42:00-04:00,256.61,256.65,256.45,256.55,66326.0,256.546,283
2025-09-26 13:43:00-04:00,256.56,256.74,256.54,256.65,65182.0,256.626,372
2025-09-26 13:44:00-04:00,256.63,256.81,256.52,256.74,83434.0,256.666,467
2025-09-26 13:45:00-04:00,256.75,256.81,256.55,256.64,55441.0,256.711,312
2025-09-26 13:46:00-04:00,256.63,256.69,256.57,256.63,47513.0,256.634,245
2025-09-26 13:47:00-04:00,256.67,256.71,256.48,256.51,50437.0,256.587,265
2025-09-26 13:48:00-04:00,256.51,256.63,256.51,256.59,28502.0,256.572,172
2025-09-26 13:49:00-04:00,256.61,256.65,256.43,256.47,44304.0,256.537,227
2025-09-26 13:50:00-04:00,256.46,256.46,256.28,256.33,36916.0,256.363,218
2025-09-26 13:51:00-04:00,256.32,256.33,256.1,256.11,48430.0,256.194,301
2025-09-26 13:52:00-04:00,256.11,256.18,256.1,256.14,29365.0,256.144,213
2025-09-26 13:53:00-04:00,256.14,256.15,256.06,256.08,49117.0,256.096,295
2025-09-26 13:54:00-04:00,256.07,256.08,255.89,255.89,68429.0,255.981,364
2025-09-26 13:55:00-04:00,255.91,256.04,255.86,255.93,63389.0,255.954,318
2025-09-26 13:56:00-04:00,255.93,255.97,255.88,255.96,37603.0,255.925,229
2025-09-26 13:57:00-04:00,255.96,256.24,255.96,256.17,57135.0,256.113,324
2025-09-26 13:58:00-04:00,256.19,256.2,256.05,256.19,31404.0,256.132,175
2025-09-26 13:59:00-04:00,256.19,256.23,256.1,256.1,24997.0,256.159,146
2025-09-26 14:00:00-04:00,256.09,256.23,256.04,256.22,17465.0,256.138,130
2025-09-26 14:01:00-04:00,256.22,256.28,256.15,256.19,25630.0,256.214,166
2025-09-26 14:02:00-04:00,256.19,256.34,256.18,256.21,47182.0,256.27,288
2025-09-26 14:03:00-04:00,256.23,256.25,256.17,256.22,27006.0,256.211,226
2025-09-26 14:04:00-04:00,256.22,256.4,256.22,256.38,52910.0,256.319,331
2025-09-26 14:05:00-04:00,256.38,256.45,256.18,256.2,57028.0,256.334,358
2025-09-26 14:06:00-04:00,256.21,256.3,256.16,256.19,38413.0,256.226,251
2025-09-26 14:07:00-04:00,256.2,256.34,256.2,256.23,28672.0,256.263,173
2025-09-26 14:08:00-04:00,256.24,256.3,256.17,256.24,38102.0,256.235,238
2025-09-26 14:09:00-04:00,256.24,256.28,256.2,256.26,15652.0,256.235,126
2025-09-26 14:10:00-04:00,256.26,256.35,256.24,256.26,28072.0,256.298,205
2025-09-26 14:11:00-04:00,256.28,256.32,256.22,256.31,28574.0,256.265,188
2025-09-26 14:12:00-04:00,256.31,256.42,256.31,256.38,41225.0,256.37,263
2025-09-26 14:13:00-04:00,256.39,256.42,256.34,256.35,29345.0,256.38,173
2025-09-26 14:14:00-04:00,256.35,256.4,256.25,256.38,22789.0,256.332,169
2025-09-26 14:15:00-04:00,256.39,256.55,256.39,256.51,51444.0,256.487,306
2025-09-26 14:16:00-04:00,256.5,256.59,256.45,256.58,58678.0,256.522,381
2025-09-26 14:17:00-04:00,256.59,256.62,256.42,256.56,53990.0,256.534,317
2025-09-26 14:18:00-04:00,256.58,256.66,256.56,256.64,30835.0,256.612,256
2025-09-26 14:19:00-04:00,256.65,256.71,256.63,256.67,74387.0,256.673,303
2025-09-26 14:20:00-04:00,256.66,256.67,256.58,256.58,37299.0,256.631,205
2025-09-26 14:21:00-04:00,256.57,256.64,256.52,256.59,30308.0,256.576,182
2025-09-26 14:22:00-04:00,256.59,256.61,256.51,256.56,20267.0,256.565,150
2025-09-26 14:23:00-04:00,256.56,256.66,256.56,256.63,28175.0,256.623,205
2025-09-26 14:24:00-04:00,256.62,256.77,256.62,256.76,34268.0,256.693,212
2025-09-26 14:25:00-04:00,256.77,256.78,256.55,256.64,107909.0,256.681,577
2025-09-26 14:26:00-04:00,256.67,256.75,256.64,256.68,44933.0,256.703,220
2025-09-26 14:27:00-04:00,256.67,256.72,256.61,256.66,27323.0,256.665,200
2025-09-26 14:28:00-04:00,256.65,256.65,256.53,256.55,28690.0,256.6,157
2025-09-26 14:29:00-04:00,256.56,256.59,256.54,256.56,45479.0,256.563,304
2025-09-26 14:30:00-04:00,256.56,256.62,256.55,256.55,36197.0,256.576,277
2025-09-26 14:31:00-04:00,256.55,256.56,256.36,256.4,49244.0,256.441,338
2025-09-26 14:32:00-04:00,256.38,256.46,256.35,256.39,28479.0,256.408,192
2025-09-26 14:33:00-04:00,256.4,256.44,256.39,256.43,17392.0,256.418,103
2025-09-26 14:34:00-04:00,256.45,256.47,256.41,256.45,19163.0,256.442,143
2025-09-26 14:35:00-04:00,256.44,256.55,256.41,256.53,27954.0,256.504,172
2025-09-26 14:36:00-04:00,256.55,256.61,256.5,256.52,28647.0,256.549,162
2025-09-26 14:37:00-04:00,256.52,256.69,256.52,256.65,25635.0,256.597,157
2025-09-26 14:38:00-04:00,256.63,256.7,256.62,256.69,29756.0,256.663,145
2025-09-26 14:39:00-04:00,256.7,256.73,256.64,256.64,33399.0,256.689,206
2025-09-26 14:40:00-04:00,256.64,256.67,256.52,256.52,35391.0,256.618,214
2025-09-26 14:41:00-04:00,256.52,256.59,256.5,256.57,37709.0,256.54,224
2025-09-26 14:42:00-04:00,256.59,256.6,256.45,256.46,25420.0,256.524,130
2025-09-26 14:43:00-04:00,256.46,256.53,256.41,256.43,27750.0,256.482,150
2025-09-26 14:44:00-04:00,256.43,256.44,256.31,256.32,34224.0,256.369,220
2025-09-26 14:45:00-04:00,256.33,256.34,256.14,256.18,42694.0,256.242,303
2025-09-26 14:46:00-04:00,256.17,256.18,255.96,255.97,43444.0,256.069,276
2025-09-26 14:47:00-04:00,255.98,256.17,255.97,256.16,32943.0,256.083,197
2025-09-26 14:48:00-04:00,256.16,256.21,256.13,256.2,28261.0,256.166,169
2025-09-26 14:49:00-04:00,256.2,256.26,256.17,256.22,25641.0,256.211,135
2025-09-26 14:50:00-04:00,256.23,256.23,256.1,256.15,21960.0,256.134,140
2025-09-26 14:51:00-04:00,256.15,256.17,256.05,256.16,25369.0,256.101,150
2025-09-26 14:52:00-04:00,256.15,256.17,256.08,256.14,17385.0,256.125,135
2025-09-26 14:53:00-04:00,256.15,256.21,256.11,256.15,28901.0,256.157,181
2025-09-26 14:54:00-04:00,256.15,256.22,256.12,256.19,24315.0,256.182,140
2025-09-26 14:55:00-04:00,256.19,256.25,256.17,256.23,37126.0,256.212,206
2025-09-26 14:56:00-04:00,256.23,256.34,256.19,256.32,24565.0,256.275,158
2025-09-26 14:57:00-04:00,256.32,256.34,256.24,256.3,26886.0,256.294,163
2025-09-26 14:58:00-04:00,256.3,256.31,256.25,256.28,25862.0,256.277,113
2025-09-26 14:59:00-04:00,256.28,256.28,256.15,256.2,29753.0,256.212,157
2025-09-26 15:00:00-04:00,256.2,256.22,256.11,256.13,17994.0,256.171,133
2025-09-26 15:01:00-04:00,256.13,256.17,256.03,256.06,30321.0,256.095,206
2025-09-26 15:02:00-04:00,256.06,256.09,256.02,256.07,35568.0,256.05,232
2025-09-26 15:03:00-04:00,256.07,256.12,256.05,256.11,29055.0,256.085,172
2025-09-26 15:04:00-04:00,256.12,256.14,256.03,256.05,48736.0,256.078,277
2025-09-26 15:05:00-04:00,256.05,256.18,256.04,256.15,41135.0,256.102,280
2025-09-26 15:06:00-04:00,256.15,256.16,255.91,255.92,64247.0,256.018,272
2025-09-26 15:07:00-04:00,255.91,255.93,255.82,255.86,33474.0,255.871,216
2025-09-26 15:08:00-04:00,255.86,255.88,255.79,255.79,39329.0,255.828,267
2025-09-26 15:09:00-04:00,255.79,255.81,255.71,255.76,48413.0,255.757,355
2025-09-26 15:10:00-04:00,255.75,255.79,255.69,255.75,41424.0,255.74,213
2025-09-26 15:11:00-04:00,255.75,255.8,255.7,255.75,35016.0,255.753,191
2025-09-26 15:12:00-04:00,255.76,255.77,255.68,255.7,21575.0,255.716,133
2025-09-26 15:13:00-04:00,255.7,255.7,255.62,255.66,50757.0,255.663,267
2025-09-26 15:14:00-04:00,255.67,255.69,255.52,255.53,46911.0,255.6,259
2025-09-26 15:15:00-04:00,255.53,255.57,255.49,255.55,61413.0,255.527,281
2025-09-26 15:16:00-04:00,255.55,255.64,255.54,255.59,42461.0,255.595,293
2025-09-26 15:17:00-04:00,255.59,255.69,255.58,255.64,30832.0,255.631,187
2025-09-26 15:18:00-04:00,255.65,255.7,255.6,255.67,48375.0,255.652,265
2025-09-26 15:19:00-04:00,255.67,255.69,255.62,255.65,48092.0,255.655,259
2025-09-26 15:20:00-04:00,255.64,255.67,255.6,255.64,30656.0,255.635,130
2025-09-26 15:21:00-04:00,255.65,255.66,255.56,255.65,42743.0,255.609,311
2025-09-26 15:22:00-04:00,255.65,255.69,255.62,255.63,31123.0,255.657,166
2025-09-26 15:23:00-04:00,255.63,255.7,255.63,255.69,27535.0,255.675,203
2025-09-26 15:24:00-04:00,255.69,255.71,255.58,255.59,33005.0,255.641,205
2025-09-26 15:25:00-04:00,255.59,255.66,255.56,255.65,31200.0,255.616,185
2025-09-26 15:26:00-04:00,255.66,255.83,255.66,255.78,72184.0,255.726,348
2025-09-26 15:27:00-04:00,255.77,255.77,255.68,255.72,34967.0,255.723,179
2025-09-26 15:28:00-04:00,255.71,255.79,255.71,255.73,31464.0,255.76,158
2025-09-26 15:29:00-04:00,255.72,255.72,255.63,255.65,23767.0,255.666,159
2025-09-26 15:30:00-04:00,255.64,255.65,255.43,255.46,92120.0,255.537,582
2025-09-26 15:31:00-04:00,255.45,255.48,255.31,255.34,78138.0,255.423,461
2025-09-26 15:32:00-04:00,255.35,255.36,255.28,255.33,69677.0,255.318,435
2025-09-26 15:33:00-04:00,255.33,255.35,255.27,255.32,31493.0,255.312,229
2025-09-26 15:34:00-04:00,255.32,255.38,255.2,255.21,86911.0,255.293,416
2025-09-26 15:35:00-04:00,255.22,255.27,255.11,255.11,71945.0,255.198,413
2025-09-26 15:36:00-04:00,255.12,255.14,255.04,255.06,72259.0,255.083,392
2025-09-26 15:37:00-04:00,255.06,255.18,254.98,255.16,110922.0,255.075,598
2025-09-26 15:38:00-04:00,255.17,255.21,255.07,255.11,38207.0,255.148,268
2025-09-26 15:39:00-04:00,255.11,255.15,255.07,255.12,47251.0,255.116,320
2025-09-26 15:40:00-04:00,255.12,255.16,255.05,255.08,51860.0,255.105,361
2025-09-26 15:41:00-04:00,255.08,255.08,254.96,254.99,118757.0,255.004,559
2025-09-26 15:42:00-04:00,254.99,255.17,254.98,255.16,41644.0,255.077,277
2025-09-26 15:43:00-04:00,255.17,255.21,255.13,255.16,56819.0,255.18,408
2025-09-26 15:44:00-04:00,255.16,255.24,255.11,255.17,61596.0,255.173,367
2025-09-26 15:45:00-04:00,255.17,255.2,255.11,255.14,36521.0,255.145,201
2025-09-26 15:46:00-04:00,255.15,255.17,255.11,255.16,24432.0,255.141,168
2025-09-26 15:47:00-04:00,255.16,255.21,255.12,255.18,60008.0,255.161,333
2025-09-26 15:48:00-04:00,255.17,255.31,255.14,255.26,76767.0,255.247,514
2025-09-26 15:49:00-04:00,255.26,255.35,255.21,255.3,69434.0,255.283,492
2025-09-26 15:50:00-04:00,255.28,255.28,255.06,255.13,103474.0,255.152,667
2025-09-26 15:51:00-04:00,255.12,255.22,255.1,255.17,115594.0,255.165,736
2025-09-26 15:52:00-04:00,255.16,255.23,254.98,255.0,124576.0,255.096,826
2025-09-26 15:53:00-04:00,255.01,255.06,254.9,255.06,169455.0,254.963,929
2025-09-26 15:54:00-04:00,255.04,255.32,254.98,255.24,133148.0,255.149,903
2025-09-26 15:55:00-04:00,255.25,255.38,255.22,255.36,184285.0,255.327,1059
2025-09-26 15:56:00-04:00,255.37,255.46,254.93,255.2,283963.0,255.253,2095
2025-09-26 15:57:00-04:00,255.2,255.39,255.12,255.34,185802.0,255.257,1250
2025-09-26 15:58:00-04:00,255.33,255.43,255.26,255.41,240075.0,255.361,1573
2025-09-26 15:59:00-04:00,255.41,255.53,255.31,255.46,490680.0,255.407,3301
2025-09-26 16:00:00-04:00,255.46,255.47,255.39,255.46,6010331.0,255.46,47
2025-09-26 16:01:00-04:00,255.5,255.59,255.46,255.59,1631.0,255.497,9
2025-09-26 16:02:00-04:00,255.47,255.59,255.44,255.46,18751.0,255.462,29
2025-09-26 16:03:00-04:00,255.46,255.46,255.35,255.36,35490.0,255.457,11
2025-09-26 16:04:00-04:00,255.46,255.52,255.46,255.52,1703.0,255.466,3
2025-09-26 16:05:00-04:00,255.46,255.47,255.46,255.46,7904.0,255.461,2
2025-09-26 16:06:00-04:00,255.49,255.49,255.49,255.49,100.0,255.49,1
2025-09-26 16:07:00-04:00,255.49,255.49,255.46,255.46,1375.0,255.477,5
2025-09-26 16:08:00-04:00,255.46,255.46,255.46,255.46,830.0,255.46,4
2025-09-26 16:09:00-04:00,255.46,255.46,255.4,255.45,1075.0,255.446,5
2025-09-26 16:10:00-04:00,255.44,255.44,255.44,255.44,100.0,255.44,1
2025-09-26 16:11:00-04:00,255.44,255.45,255.44,255.45,566.0,255.448,4
2025-09-26 16:12:00-04:00,255.45,255.45,255.45,255.45,0.0,255.45,0
2025-09-26 16:13:00-04:00,255.48,255.49,255.47,255.49,1400.0,255.481,10
2025-09-26 16:14:00-04:00,255.49,255.5,255.49,255.5,2708.0,255.494,9
2025-09-26 16:15:00-04:00,255.5,255.51,255.5,255.51,981.0,255.501,4
2025-09-26 16:16:00-04:00,255.55,255.6,255.55,255.6,1239.0,255.571,9
2025-09-26 16:17:00-04:00,255.65,255.65,255.64,255.65,750.0,255.648,2
2025-09-26 16:18:00-04:00,255.64,255.7,255.64,255.7,3208.0,255.658,9
2025-09-26 16:19:00-04:00,255.75,255.76,255.46,255.74,13563.0,255.529,20
2025-09-26 16:20:00-04:00,255.73,255.76,255.73,255.76,2000.0,255.745,13
2025-09-26 16:21:00-04:00,255.76,255.8,255.76,255.8,750.0,255.787,3
2025-09-26 16:22:00-04:00,255.82,255.82,255.8,255.82,650.0,255.816,4
2025-09-26 16:23:00-04:00,255.87,255.87,255.75,255.75,2885.0,255.783,13
2025-09-26 16:24:00-04:00,255.72,255.78,255.72,255.78,900.0,255.747,6
2025-09-26 16:25:00-04:00,255.82,255.83,255.75,255.75,243.0,255.785,2
2025-09-26 16:26:00-04:00,255.75,255.77,255.75,255.75,1527.0,255.755,5
2025-09-26 16:27:00-04:00,255.74,255.75,255.6,255.6,400.0,255.673,3
2025-09-26 16:28:00-04:00,255.62,255.66,255.62,255.66,200.0,255.641,2
2025-09-26 16:29:00-04:00,255.66,255.66,255.65,255.66,200.0,255.66,1
2025-09-26 16:30:00-04:00,255.66,255.66,255.66,255.66,983.0,255.66,3
2025-09-26 16:31:00-04:00,255.7,255.75,255.66,255.66,673.0,255.69,5
2025-09-26 16:32:00-04:00,255.66,255.66,255.66,255.66,0.0,255.66,0
2025-09-26 16:33:00-04:00,255.67,255.67,255.66,255.66,490.0,255.662,2
2025-09-26 16:34:00-04:00,255.66,255.66,255.66,255.66,0.0,255.66,0
2025-09-26 16:35:00-04:00,255.66,255.66,255.66,255.66,0.0,255.66,0
2025-09-26 16:36:00-04:00,255.72,255.72,255.68,255.7,899.0,255.711,4
2025-09-26 16:37:00-04:00,255.7,255.7,255.7,255.7,0.0,255.7,0
2025-09-26 16:38:00-04:00,255.65,255.65,255.62,255.62,1465.0,255.635,5
2025-09-26 16:39:00-04:00,255.62,255.62,255.62,255.62,100.0,255.62,1
2025-09-26 16:40:00-04:00,255.63,255.63,255.62,255.63,100.0,255.626,1
2025-09-26 16:41:00-04:00,255.63,255.63,255.63,255.63,0.0,255.63,0
2025-09-26 16:42:00-04:00,255.63,255.63,255.63,255.63,0.0,255.63,0
2025-09-26 16:43:00-04:00,255.63,255.63,255.63,255.63,0.0,255.63,0
2025-09-26 16:44:00-04:00,255.46,255.65,255.46,255.65,1196.0,255.536,5
2025-09-26 16:45:00-04:00,255.64,255.66,255.64,255.65,656.0,255.649,4
2025-09-26 16:46:00-04:00,255.65,255.66,255.65,255.65,302.0,255.651,1
2025-09-26 16:47:00-04:00,255.65,255.65,255.65,255.65,0.0,255.65,0
2025-09-26 16:48:00-04:00,255.64,255.65,255.64,255.65,863.0,255.649,5
2025-09-26 16:49:00-04:00,255.46,255.46,255.46,255.46,13781.0,255.46,2
2025-09-26 16:50:00-04:00,255.62,255.63,255.62,255.62,595.0,255.62,1
2025-09-26 16:51:00-04:00,255.62,255.62,255.62,255.62,0.0,255.62,0
2025-09-26 16:52:00-04:00,255.62,255.62,255.62,255.62,0.0,255.62,0
2025-09-26 16:53:00-04:00,255.66,255.67,255.66,255.66,100.0,255.66,1
2025-09-26 16:54:00-04:00,255.66,255.66,255.66,255.66,0.0,255.66,0
2025-09-26 16:55:00-04:00,255.62,255.62,255.62,255.62,500.0,255.62,1
2025-09-26 16:56:00-04:00,255.62,255.62,255.62,255.62,0.0,255.62,0
2025-09-26 16:57:00-04:00,255.62,255.62,255.62,255.62,100.0,255.62,1
2025-09-26 16:58:00-04:00,255.62,255.64,255.62,255.64,1149.0,255.629,2
2025-09-26 16:59:00-04:00,255.64,255.64,255.64,255.64,0.0,255.64,0
2025-09-26 17:00:00-04:00,255.62,255.62,255.62,255.62,221.0,255.62,1
2025-09-26 17:01:00-04:00,255.63,255.63,255.62,255.62,500.0,255.626,4
2025-09-26 17:02:00-04:00,255.62,255.62,255.62,255.62,0.0,255.62,0
2025-09-26 17:03:00-04:00,255.63,255.63,255.63,255.63,200.0,255.63,1
2025-09-26 17:04:00-04:00,255.63,255.63,255.63,255.63,0.0,255.63,0
2025-09-26 17:05:00-04:00,255.68,255.7,255.68,255.7,511.0,255.696,3
2025-09-26 17:06:00-04:00,255.7,255.71,255.7,255.71,600.0,255.702,2
2025-09-26 17:07:00-04:00,255.7,255.75,255.7,255.75,400.0,255.717,4
2025-09-26 17:08:00-04:00,255.75,255.75,255.75,255.75,0.0,255.75,0
2025-09-26 17:09:00-04:00,255.69,255.7,255.68,255.7,619.0,255.692,4
2025-09-26 17:10:00-04:00,255.7,255.7,255.7,255.7,0.0,255.7,0
2025-09-26 17:11:00-04:00,255.75,255.75,255.75,255.75,100.0,255.75,1
2025-09-26 17:12:00-04:00,255.75,255.75,255.75,255.75,0.0,255.75,0
2025-09-26 17:13:00-04:00,255.75,255.75,255.75,255.75,0.0,255.75,0
2025-09-26 17:14:00-04:00,255.75,255.75,255.75,255.75,0.0,255.75,0
2025-09-26 17:15:00-04:00,255.75,255.75,255.75,255.75,0.0,255.75,0
2025-09-26 17:16:00-04:00,255.68,255.68,255.68,255.68,100.0,255.68,1
2025-09-26 17:17:00-04:00,255.62,255.65,255.62,255.64,453.0,255.633,3
2025-09-26 17:18:00-04:00,255.64,255.64,255.64,255.64,0.0,255.64,0
2025-09-26 17:19:00-04:00,255.67,255.67,255.67,255.67,120.0,255.67,1
2025-09-26 17:20:00-04:00,255.63,255.64,255.63,255.64,200.0,255.635,2
2025-09-26 17:21:00-04:00,255.62,255.62,255.6,255.6,1341.0,255.613,6
2025-09-26 17:22:00-04:00,255.6,255.62,255.6,255.62,3892.0,255.617,4
2025-09-26 17:23:00-04:00,255.62,255.62,255.62,255.62,0.0,255.62,0
2025-09-26 17:24:00-04:00,255.62,255.62,255.62,255.62,0.0,255.62,0
2025-09-26 17:25:00-04:00,255.62,255.62,255.62,255.62,0.0,255.62,0
2025-09-26 17:26:00-04:00,255.62,255.62,255.62,255.62,0.0,255.62,0
2025-09-26 17:27:00-04:00,255.62,255.62,255.62,255.62,0.0,255.62,0
2025-09-26 17:28:00-04:00,255.62,255.62,255.62,255.62,0.0,255.62,0
2025-09-26 17:29:00-04:00,255.62,255.62,255.62,255.62,0.0,255.62,0
2025-09-26 17:30:00-04:00,255.62,255.62,255.62,255.62,0.0,255.62,0
2025-09-26 17:31:00-04:00,255.63,255.65,255.63,255.65,1069.0,255.646,3
2025-09-26 17:32:00-04:00,255.65,255.65,255.65,255.65,1100.0,255.65,2
2025-09-26 17:33:00-04:00,255.65,255.65,255.65,255.65,0.0,255.65,0
2025-09-26 17:34:00-04:00,255.65,255.65,255.65,255.65,0.0,255.65,0
2025-09-26 17:35:00-04:00,255.72,255.72,255.72,255.72,100.0,255.72,1
2025-09-26 17:36:00-04:00,255.72,255.72,255.72,255.72,0.0,255.72,0
2025-09-26 17:37:00-04:00,255.63,255.64,255.63,255.63,548.0,255.632,3
2025-09-26 17:38:00-04:00,255.61,255.61,255.6,255.6,309.0,255.606,3
2025-09-26 17:39:00-04:00,255.6,255.6,255.6,255.6,791.0,255.6,4
2025-09-26 17:40:00-04:00,255.6,255.6,255.6,255.6,0.0,255.6,0
2025-09-26 17:41:00-04:00,255.6,255.6,255.55,255.55,2348.0,255.556,10
2025-09-26 17:42:00-04:00,255.55,255.65,255.55,255.65,504.0,255.587,3
2025-09-26 17:43:00-04:00,255.64,255.64,255.64,255.64,300.0,255.64,2
2025-09-26 17:44:00-04:00,255.64,255.64,255.64,255.64,0.0,255.64,0
2025-09-26 17:45:00-04:00,255.55,255.55,255.55,255.55,190.0,255.55,1
2025-09-26 17:46:00-04:00,255.55,255.55,255.55,255.55,0.0,255.55,0
2025-09-26 17:47:00-04:00,255.65,255.65,255.64,255.65,300.0,255.647,1
2025-09-26 17:48:00-04:00,255.65,255.65,255.65,255.65,0.0,255.65,0
2025-09-26 17:49:00-04:00,255.65,255.65,255.65,255.65,0.0,255.65,0
2025-09-26 17:50:00-04:00,255.6,255.6,255.58,255.58,439.0,255.594,2
2025-09-26 17:51:00-04:00,255.55,255.55,255.55,255.55,404.0,255.55,1
2025-09-26 17:52:00-04:00,255.58,255.58,255.53,255.53,1150.0,255.573,2
2025-09-26 17:53:00-04:00,255.53,255.53,255.53,255.53,0.0,255.53,0
2025-09-26 17:54:00-04:00,255.53,255.53,255.53,255.53,0.0,255.53,0
2025-09-26 17:55:00-04:00,255.53,255.53,255.53,255.53,0.0,255.53,0
2025-09-26 17:56:00-04:00,255.5,255.51,255.5,255.5,1000.0,255.502,1
2025-09-26 17:57:00-04:00,255.5,255.5,255.5,255.5,0.0,255.5,0
2025-09-26 17:58:00-04:00,255.5,255.5,255.5,255.5,0.0,255.5,0
2025-09-26 17:59:00-04:00,255.51,255.51,255.5,255.51,587.0,255.509,1
2025-09-26 18:00:00-04:00,255.51,255.51,255.51,255.51,0.0,255.51,0
2025-09-26 18:01:00-04:00,255.55,255.55,255.54,255.54,200.0,255.547,2
2025-09-26 18:02:00-04:00,255.54,255.54,255.54,255.54,0.0,255.54,0
2025-09-26 18:03:00-04:00,255.51,255.51,255.5,255.5,430.0,255.502,3
2025-09-26 18:04:00-04:00,255.5,255.5,255.5,255.5,0.0,255.5,0
2025-09-26 18:05:00-04:00,255.54,255.54,255.53,255.54,200.0,255.54,2
2025-09-26 18:06:00-04:00,255.52,255.52,255.51,255.51,298.0,255.513,2
2025-09-26 18:07:00-04:00,255.51,255.51,255.51,255.51,0.0,255.51,0
2025-09-26 18:08:00-04:00,255.53,255.53,255.53,255.53,200.0,255.53,2
2025-09-26 18:09:00-04:00,255.5,255.5,255.5,255.5,100.0,255.5,1
2025-09-26 18:10:00-04:00,255.5,255.5,255.5,255.5,0.0,255.5,0
2025-09-26 18:11:00-04:00,255.5,255.5,255.5,255.5,232.0,255.5,1
2025-09-26 18:12:00-04:00,255.53,255.53,255.5,255.5,400.0,255.507,2
2025-09-26 18:13:00-04:00,255.5,255.51,255.5,255.51,954.0,255.504,4
2025-09-26 18:14:00-04:00,255.51,255.51,255.51,255.51,0.0,255.51,0
2025-09-26 18:15:00-04:00,255.54,255.54,255.54,255.54,2787.0,255.54,1
2025-09-26 18:16:00-04:00,255.54,255.54,255.54,255.54,0.0,255.54,0
2025-09-26 18:17:00-04:00,255.54,255.54,255.54,255.54,923.0,255.54,2
2025-09-26 18:18:00-04:00,255.5,255.51,255.5,255.5,1200.0,255.5,2
2025-09-26 18:19:00-04:00,255.52,255.52,255.52,255.52,200.0,255.52,1
2025-09-26 18:20:00-04:00,255.52,255.52,255.52,255.52,0.0,255.52,0
2025-09-26 18:21:00-04:00,255.57,255.57,255.56,255.57,100.0,255.567,1
2025-09-26 18:22:00-04:00,255.57,255.57,255.57,255.57,0.0,255.57,0
2025-09-26 18:23:00-04:00,255.57,255.57,255.57,255.57,0.0,255.57,0
2025-09-26 18:24:00-04:00,255.57,255.57,255.57,255.57,0.0,255.57,0
2025-09-26 18:25:00-04:00,255.57,255.57,255.57,255.57,0.0,255.57,0
2025-09-26 18:26:00-04:00,255.55,255.55,255.55,255.55,485.0,255.55,1
2025-09-26 18:27:00-04:00,255.55,255.55,255.55,255.55,0.0,255.55,0
2025-09-26 18:28:00-04:00,255.55,255.55,255.55,255.55,0.0,255.55,0
2025-09-26 18:29:00-04:00,255.51,255.51,255.51,255.51,465.0,255.51,1
2025-09-26 18:30:00-04:00,255.54,255.54,255.53,255.54,100.0,255.536,1
2025-09-26 18:31:00-04:00,255.54,255.54,255.54,255.54,0.0,255.54,0
2025-09-26 18:32:00-04:00,255.54,255.54,255.54,255.54,0.0,255.54,0
2025-09-26 18:33:00-04:00,255.54,255.54,255.54,255.54,0.0,255.54,0
2025-09-26 18:34:00-04:00,255.54,255.54,255.54,255.54,169.0,255.54,1
2025-09-26 18:35:00-04:00,255.54,255.54,255.54,255.54,0.0,255.54,0
2025-09-26 18:36:00-04:00,255.54,255.54,255.54,255.54,0.0,255.54,0
2025-09-26 18:37:00-04:00,255.54,255.54,255.54,255.54,0.0,255.54,0
2025-09-26 18:38:00-04:00,255.54,255.55,255.54,255.55,503.0,255.542,2
2025-09-26 18:39:00-04:00,255.55,255.55,255.55,255.55,0.0,255.55,0
2025-09-26 18:40:00-04:00,255.56,255.57,255.56,255.56,200.0,255.563,1
2025-09-26 18:41:00-04:00,255.56,255.56,255.56,255.56,0.0,255.56,0
2025-09-26 18:42:00-04:00,255.55,255.55,255.55,255.55,100.0,255.55,1
2025-09-26 18:43:00-04:00,255.55,255.55,255.55,255.55,0.0,255.55,0
2025-09-26 18:44:00-04:00,255.55,255.55,255.55,255.55,0.0,255.55,0
2025-09-26 18:45:00-04:00,255.55,255.55,255.55,255.55,0.0,255.55,0
2025-09-26 18:46:00-04:00,255.55,255.55,255.55,255.55,0.0,255.55,0
2025-09-26 18:47:00-04:00,255.55,255.55,255.55,255.55,0.0,255.55,0
2025-09-26 18:48:00-04:00,255.55,255.55,255.55,255.55,0.0,255.55,0
2025-09-26 18:49:00-04:00,255.55,255.55,255.55,255.55,0.0,255.55,0
2025-09-26 18:50:00-04:00,255.55,255.55,255.55,255.55,0.0,255.55,0
2025-09-26 18:51:00-04:00,255.55,255.55,255.51,255.51,202.0,255.53,2
2025-09-26 18:52:00-04:00,255.51,255.52,255.51,255.51,250.0,255.51,1
2025-09-26 18:53:00-04:00,255.51,255.51,255.51,255.51,100.0,255.51,1
2025-09-26 18:54:00-04:00,255.53,255.53,255.53,255.53,400.0,255.53,1
2025-09-26 18:55:00-04:00,255.51,255.51,255.5,255.5,284.0,255.504,2
2025-09-26 18:56:00-04:00,255.5,255.5,255.5,255.5,223.0,255.5,1
2025-09-26 18:57:00-04:00,255.5,255.5,255.5,255.5,250.0,255.5,1
2025-09-26 18:58:00-04:00,255.5,255.5,255.5,255.5,350.0,255.5,2
2025-09-26 18:59:00-04:00,255.51,255.51,255.5,255.5,350.0,255.503,2
2025-09-26 19:00:00-04:00,255.5,255.5,255.5,255.5,143.0,255.5,1
2025-09-26 19:01:00-04:00,255.5,255.5,255.5,255.5,250.0,255.5,1
2025-09-26 19:02:00-04:00,255.5,255.5,255.5,255.5,200.0,255.5,1
2025-09-26 19:03:00-04:00,255.5,255.5,255.5,255.5,250.0,255.5,1
2025-09-26 19:04:00-04:00,255.51,255.51,255.5,255.5,350.0,255.503,2
2025-09-26 19:05:00-04:00,255.5,255.5,255.5,255.5,0.0,255.5,0
2025-09-26 19:06:00-04:00,255.5,255.5,255.5,255.5,225.0,255.5,2
2025-09-26 19:07:00-04:00,255.5,255.5,255.5,255.5,250.0,255.5,1
2025-09-26 19:08:00-04:00,255.5,255.5,255.5,255.5,0.0,255.5,0
2025-09-26 19:09:00-04:00,255.5,255.5,255.5,255.5,1173.0,255.5,5
2025-09-26 19:10:00-04:00,255.5,255.5,255.5,255.5,216.0,255.5,1
2025-09-26 19:11:00-04:00,255.5,255.5,255.5,255.5,0.0,255.5,0
2025-09-26 19:12:00-04:00,255.5,255.5,255.5,255.5,0.0,255.5,0
2025-09-26 19:13:00-04:00,255.5,255.5,255.5,255.5,0.0,255.5,0
2025-09-26 19:14:00-04:00,255.49,255.49,255.49,255.49,100.0,255.49,1
2025-09-26 19:15:00-04:00,255.47,255.47,255.45,255.45,975.0,255.465,2
2025-09-26 19:16:00-04:00,255.45,255.45,255.45,255.45,0.0,255.45,0
2025-09-26 19:17:00-04:00,255.45,255.45,255.45,255.45,0.0,255.45,0
2025-09-26 19:18:00-04:00,255.48,255.54,255.48,255.54,601.0,255.52,3
2025-09-26 19:19:00-04:00,255.49,255.49,255.48,255.48,345.0,255.483,2
2025-09-26 19:20:00-04:00,255.48,255.48,255.48,255.48,0.0,255.48,0
2025-09-26 19:21:00-04:00,255.48,255.48,255.48,255.48,0.0,255.48,0
2025-09-26 19:22:00-04:00,255.48,255.5,255.48,255.5,493.0,255.49,2
2025-09-26 19:23:00-04:00,255.52,255.53,255.5,255.5,780.0,255.51,3
2025-09-26 19:24:00-04:00,255.48,255.48,255.48,255.48,156.0,255.48,1
2025-09-26 19:25:00-04:00,255.48,255.48,255.48,255.48,0.0,255.48,0
2025-09-26 19:26:00-04:00,255.49,255.49,255.49,255.49,260.0,255.49,1
2025-09-26 19:27:00-04:00,255.49,255.49,255.49,255.49,0.0,255.49,0
2025-09-26 19:28:00-04:00,255.49,255.49,255.49,255.49,0.0,255.49,0
2025-09-26 19:29:00-04:00,255.49,255.49,255.49,255.49,0.0,255.49,0
2025-09-26 19:30:00-04:00,255.49,255.49,255.49,255.49,0.0,255.49,0
2025-09-26 19:31:00-04:00,255.46,255.47,255.46,255.46,200.0,255.46,1
2025-09-26 19:32:00-04:00,255.46,255.46,255.46,255.46,0.0,255.46,0
2025-09-26 19:33:00-04:00,255.49,255.49,255.49,255.49,100.0,255.49,1
2025-09-26 19:34:00-04:00,255.49,255.49,255.49,255.49,0.0,255.49,0
2025-09-26 19:35:00-04:00,255.49,255.49,255.49,255.49,0.0,255.49,0
2025-09-26 19:36:00-04:00,255.46,255.46,255.46,255.46,100.0,255.46,1
2025-09-26 19:37:00-04:00,255.46,255.46,255.46,255.46,0.0,255.46,0
2025-09-26 19:38:00-04:00,255.46,255.46,255.46,255.46,0.0,255.46,0
2025-09-26 19:39:00-04:00,255.46,255.46,255.46,255.46,0.0,255.46,0
2025-09-26 19:40:00-04:00,255.45,255.45,255.45,255.45,250.0,255.45,2
2025-09-26 19:41:00-04:00,255.45,255.45,255.45,255.45,0.0,255.45,0
2025-09-26 19:42:00-04:00,255.45,255.45,255.45,255.45,0.0,255.45,0
2025-09-26 19:43:00-04:00,255.47,255.47,255.47,255.47,100.0,255.47,1
2025-09-26 19:44:00-04:00,255.47,255.47,255.47,255.47,0.0,255.47,0
2025-09-26 19:45:00-04:00,255.47,255.47,255.47,255.47,0.0,255.47,0
2025-09-26 19:46:00-04:00,255.47,255.47,255.47,255.47,0.0,255.47,0
2025-09-26 19:47:00-04:00,255.45,255.45,255.45,255.45,200.0,255.45,1
2025-09-26 19:48:00-04:00,255.49,255.49,255.49,255.49,100.0,255.49,1
2025-09-26 19:49:00-04:00,255.47,255.47,255.47,255.47,200.0,255.47,1
2025-09-26 19:50:00-04:00,255.47,255.47,255.47,255.47,0.0,255.47,0
2025-09-26 19:51:00-04:00,255.47,255.47,255.47,255.47,0.0,255.47,0
2025-09-26 19:52:00-04:00,255.47,255.47,255.47,255.47,123.0,255.47,1
2025-09-26 19:53:00-04:00,255.48,255.48,255.46,255.46,1396.0,255.478,5
2025-09-26 19:54:00-04:00,255.46,255.46,255.46,255.46,0.0,255.46,0
2025-09-26 19:55:00-04:00,255.46,255.46,255.46,255.46,0.0,255.46,0
2025-09-26 19:56:00-04:00,255.47,255.47,255.47,255.47,199.0,255.47,1
2025-09-26 19:57:00-04:00,255.49,255.49,255.49,255.49,337.0,255.49,1
2025-09-26 19:58:00-04:00,255.49,255.49,255.49,255.49,1747.0,255.49,2
2025-09-26 19:59:00-04:00,255.53,255.54,255.49,255.49,200.0,255.511,2
